Filename,Sign
size_32_road0.png,trafficlight
size_32_road1.png,trafficlight
size_32_road2.png,trafficlight
size_32_road3.png,trafficlight
size_32_road4_1.png,trafficlight
size_32_road4_2.png,trafficlight
size_32_road4_3.png,trafficlight
size_32_road5.png,trafficlight
size_32_road6.png,trafficlight
size_32_road7.png,trafficlight
size_32_road8_1.png,trafficlight
size_32_road8_2.png,trafficlight
size_32_road9.png,trafficlight
size_32_road10.png,trafficlight
size_32_road11_1.png,trafficlight
size_32_road11_2.png,trafficlight
size_32_road12_1.png,trafficlight
size_32_road12_2.png,trafficlight
size_32_road13.png,trafficlight
size_32_road14.png,trafficlight
size_32_road15.png,trafficlight
size_32_road16_1.png,trafficlight
size_32_road16_2.png,trafficlight
size_32_road17.png,trafficlight
size_32_road18.png,trafficlight
size_32_road19.png,trafficlight
size_32_road20.png,trafficlight
size_32_road21_1.png,trafficlight
size_32_road21_2.png,trafficlight
size_32_road21_3.png,trafficlight
size_32_road21_4.png,trafficlight
size_32_road21_5.png,trafficlight
size_32_road22_1.png,trafficlight
size_32_road22_2.png,trafficlight
size_32_road22_3.png,stop
size_32_road23.png,trafficlight
size_32_road24.png,trafficlight
size_32_road25_1.png,trafficlight
size_32_road25_2.png,trafficlight
size_32_road25_3.png,trafficlight
size_32_road26_1.png,trafficlight
size_32_road26_2.png,trafficlight
size_32_road27_1.png,trafficlight
size_32_road27_2.png,trafficlight
size_32_road28_1.png,trafficlight
size_32_road28_2.png,trafficlight
size_32_road28_3.png,trafficlight
size_32_road29_1.png,trafficlight
size_32_road29_2.png,trafficlight
size_32_road30.png,trafficlight
size_32_road31_1.png,trafficlight
size_32_road31_2.png,trafficlight
size_32_road32.png,trafficlight
size_32_road33.png,trafficlight
size_32_road34.png,trafficlight
size_32_road35.png,trafficlight
size_32_road36_1.png,trafficlight
size_32_road36_2.png,trafficlight
size_32_road36_3.png,trafficlight
size_32_road37.png,trafficlight
size_32_road38_1.png,trafficlight
size_32_road38_2.png,trafficlight
size_32_road39.png,trafficlight
size_32_road40_1.png,trafficlight
size_32_road40_2.png,trafficlight
size_32_road40_3.png,trafficlight
size_32_road41_1.png,trafficlight
size_32_road41_2.png,trafficlight
size_32_road42_1.png,trafficlight
size_32_road42_2.png,trafficlight
size_32_road43_1.png,trafficlight
size_32_road43_2.png,trafficlight
size_32_road43_3.png,trafficlight
size_32_road43_4.png,trafficlight
size_32_road43_5.png,trafficlight
size_32_road44_1.png,trafficlight
size_32_road44_2.png,trafficlight
size_32_road45.png,trafficlight
size_32_road46.png,trafficlight
size_32_road47.png,trafficlight
size_32_road48_1.png,trafficlight
size_32_road48_2.png,trafficlight
size_32_road49_1.png,trafficlight
size_32_road49_2.png,trafficlight
size_32_road50.png,trafficlight
size_32_road51.png,trafficlight
size_32_road52.png,stop
size_32_road53.png,stop
size_32_road54.png,stop
size_32_road55.png,stop
size_32_road56.png,stop
size_32_road57.png,stop
size_32_road58.png,stop
size_32_road59.png,stop
size_32_road60.png,stop
size_32_road61.png,stop
size_32_road62.png,stop
size_32_road63.png,stop
size_32_road64.png,stop
size_32_road65.png,stop
size_32_road66.png,stop
size_32_road67.png,stop
size_32_road68.png,stop
size_32_road69.png,stop
size_32_road70.png,stop
size_32_road71.png,stop
size_32_road72.png,stop
size_32_road73_1.png,stop
size_32_road73_2.png,trafficlight
size_32_road74.png,stop
size_32_road75.png,stop
size_32_road76.png,stop
size_32_road77.png,stop
size_32_road78.png,stop
size_32_road79.png,stop
size_32_road80.png,stop
size_32_road81.png,stop
size_32_road82.png,stop
size_32_road83.png,stop
size_32_road84.png,stop
size_32_road85.png,stop
size_32_road86.png,stop
size_32_road87.png,stop
size_32_road88.png,stop
size_32_road89.png,stop
size_32_road90.png,stop
size_32_road91.png,stop
size_32_road92.png,stop
size_32_road93.png,stop
size_32_road94.png,stop
size_32_road95.png,stop
size_32_road96.png,stop
size_32_road97.png,stop
size_32_road98.png,stop
size_32_road99.png,stop
size_32_road100.png,speedlimit
size_32_road101.png,speedlimit
size_32_road102.png,speedlimit
size_32_road103.png,speedlimit
size_32_road104.png,speedlimit
size_32_road105.png,speedlimit
size_32_road106.png,speedlimit
size_32_road107.png,speedlimit
size_32_road108.png,speedlimit
size_32_road109.png,speedlimit
size_32_road110.png,speedlimit
size_32_road111.png,speedlimit
size_32_road112.png,speedlimit
size_32_road113.png,speedlimit
size_32_road114.png,speedlimit
size_32_road115.png,speedlimit
size_32_road116.png,speedlimit
size_32_road117.png,speedlimit
size_32_road118.png,speedlimit
size_32_road119.png,speedlimit
size_32_road120.png,speedlimit
size_32_road121.png,speedlimit
size_32_road122.png,crosswalk
size_32_road123.png,crosswalk
size_32_road124_1.png,crosswalk
size_32_road124_2.png,trafficlight
size_32_road124_3.png,trafficlight
size_32_road124_4.png,trafficlight
size_32_road125.png,crosswalk
size_32_road126.png,crosswalk
size_32_road127_1.png,crosswalk
size_32_road127_2.png,trafficlight
size_32_road127_3.png,trafficlight
size_32_road128.png,crosswalk
size_32_road129_1.png,crosswalk
size_32_road129_2.png,trafficlight
size_32_road130_1.png,crosswalk
size_32_road130_2.png,crosswalk
size_32_road131_1.png,crosswalk
size_32_road131_2.png,crosswalk
size_32_road131_3.png,trafficlight
size_32_road132.png,crosswalk
size_32_road133.png,crosswalk
size_32_road134.png,crosswalk
size_32_road135.png,crosswalk
size_32_road136_1.png,crosswalk
size_32_road136_2.png,trafficlight
size_32_road137.png,crosswalk
size_32_road138.png,crosswalk
size_32_road139.png,crosswalk
size_32_road140.png,crosswalk
size_32_road141.png,crosswalk
size_32_road142.png,crosswalk
size_32_road143.png,crosswalk
size_32_road144.png,crosswalk
size_32_road145.png,crosswalk
size_32_road146.png,crosswalk
size_32_road147.png,crosswalk
size_32_road148.png,crosswalk
size_32_road149.png,crosswalk
size_32_road150.png,crosswalk
size_32_road151.png,crosswalk
size_32_road152.png,crosswalk
size_32_road153.png,crosswalk
size_32_road154_1.png,crosswalk
size_32_road154_2.png,crosswalk
size_32_road155.png,crosswalk
size_32_road156_1.png,crosswalk
size_32_road156_2.png,trafficlight
size_32_road157.png,speedlimit
size_32_road158.png,crosswalk
size_32_road159.png,speedlimit
size_32_road160_1.png,crosswalk
size_32_road160_2.png,crosswalk
size_32_road160_3.png,stop
size_32_road161.png,speedlimit
size_32_road162.png,speedlimit
size_32_road163.png,speedlimit
size_32_road164.png,trafficlight
size_32_road165.png,crosswalk
size_32_road166.png,crosswalk
size_32_road167_1.png,crosswalk
size_32_road167_2.png,stop
size_32_road168.png,crosswalk
size_32_road169.png,speedlimit
size_32_road170_1.png,crosswalk
size_32_road170_2.png,trafficlight
size_32_road170_3.png,trafficlight
size_32_road170_4.png,crosswalk
size_32_road171.png,crosswalk
size_32_road172.png,speedlimit
size_32_road173.png,speedlimit
size_32_road174.png,speedlimit
size_32_road175.png,speedlimit
size_32_road176_1.png,crosswalk
size_32_road176_2.png,trafficlight
size_32_road177.png,speedlimit
size_32_road178.png,crosswalk
size_32_road179_1.png,trafficlight
size_32_road179_2.png,trafficlight
size_32_road179_3.png,trafficlight
size_32_road179_4.png,trafficlight
size_32_road179_5.png,crosswalk
size_32_road180.png,crosswalk
size_32_road181.png,speedlimit
size_32_road182.png,speedlimit
size_32_road183_1.png,crosswalk
size_32_road183_2.png,crosswalk
size_32_road183_3.png,trafficlight
size_32_road184.png,speedlimit
size_32_road185.png,stop
size_32_road186.png,crosswalk
size_32_road187.png,crosswalk
size_32_road188.png,speedlimit
size_32_road189_1.png,crosswalk
size_32_road189_2.png,crosswalk
size_32_road190.png,crosswalk
size_32_road191.png,speedlimit
size_32_road192.png,speedlimit
size_32_road193_1.png,crosswalk
size_32_road193_2.png,trafficlight
size_32_road194_1.png,crosswalk
size_32_road194_2.png,trafficlight
size_32_road195.png,trafficlight
size_32_road196.png,speedlimit
size_32_road197.png,speedlimit
size_32_road198.png,speedlimit
size_32_road199.png,speedlimit
size_32_road200_1.png,crosswalk
size_32_road200_2.png,trafficlight
size_32_road200_3.png,trafficlight
size_32_road200_4.png,trafficlight
size_32_road201.png,speedlimit
size_32_road202.png,speedlimit
size_32_road203.png,speedlimit
size_32_road204.png,crosswalk
size_32_road205.png,crosswalk
size_32_road206.png,speedlimit
size_32_road207_1.png,speedlimit
size_32_road207_2.png,crosswalk
size_32_road208.png,speedlimit
size_32_road209.png,speedlimit
size_32_road210.png,speedlimit
size_32_road211.png,speedlimit
size_32_road212.png,speedlimit
size_32_road213.png,speedlimit
size_32_road214.png,speedlimit
size_32_road215.png,speedlimit
size_32_road216.png,speedlimit
size_32_road217.png,speedlimit
size_32_road218.png,speedlimit
size_32_road219.png,speedlimit
size_32_road220.png,speedlimit
size_32_road221.png,speedlimit
size_32_road222.png,speedlimit
size_32_road223.png,speedlimit
size_32_road224.png,speedlimit
size_32_road225.png,speedlimit
size_32_road226_1.png,speedlimit
size_32_road226_2.png,speedlimit
size_32_road226_3.png,crosswalk
size_32_road227_1.png,speedlimit
size_32_road227_2.png,speedlimit
size_32_road228_1.png,speedlimit
size_32_road228_2.png,speedlimit
size_32_road229_1.png,speedlimit
size_32_road229_2.png,speedlimit
size_32_road230_1.png,speedlimit
size_32_road230_2.png,speedlimit
size_32_road231_1.png,speedlimit
size_32_road231_2.png,speedlimit
size_32_road232_1.png,speedlimit
size_32_road232_2.png,speedlimit
size_32_road233_1.png,speedlimit
size_32_road233_2.png,speedlimit
size_32_road234_1.png,speedlimit
size_32_road234_2.png,speedlimit
size_32_road235_1.png,speedlimit
size_32_road235_2.png,speedlimit
size_32_road236_1.png,speedlimit
size_32_road236_2.png,speedlimit
size_32_road237_1.png,speedlimit
size_32_road237_2.png,speedlimit
size_32_road238_1.png,speedlimit
size_32_road238_2.png,speedlimit
size_32_road239.png,speedlimit
size_32_road240_1.png,speedlimit
size_32_road240_2.png,speedlimit
size_32_road241_1.png,speedlimit
size_32_road241_2.png,speedlimit
size_32_road242_1.png,speedlimit
size_32_road242_2.png,speedlimit
size_32_road243_1.png,speedlimit
size_32_road243_2.png,speedlimit
size_32_road244_1.png,speedlimit
size_32_road244_2.png,speedlimit
size_32_road245_1.png,speedlimit
size_32_road245_2.png,speedlimit
size_32_road246.png,speedlimit
size_32_road247_1.png,speedlimit
size_32_road247_2.png,speedlimit
size_32_road248_1.png,speedlimit
size_32_road248_2.png,speedlimit
size_32_road249.png,speedlimit
size_32_road250.png,speedlimit
size_32_road251.png,speedlimit
size_32_road252.png,speedlimit
size_32_road253.png,speedlimit
size_32_road254.png,speedlimit
size_32_road255.png,speedlimit
size_32_road256.png,speedlimit
size_32_road257.png,speedlimit
size_32_road258.png,speedlimit
size_32_road259.png,speedlimit
size_32_road260.png,speedlimit
size_32_road261.png,speedlimit
size_32_road262.png,speedlimit
size_32_road263.png,speedlimit
size_32_road264.png,speedlimit
size_32_road265.png,speedlimit
size_32_road266.png,speedlimit
size_32_road267.png,speedlimit
size_32_road268.png,speedlimit
size_32_road269.png,speedlimit
size_32_road270_1.png,stop
size_32_road270_2.png,trafficlight
size_32_road270_3.png,crosswalk
size_32_road271.png,speedlimit
size_32_road272_1.png,stop
size_32_road272_2.png,trafficlight
size_32_road272_3.png,crosswalk
size_32_road272_4.png,crosswalk
size_32_road273.png,speedlimit
size_32_road274.png,speedlimit
size_32_road275_1.png,trafficlight
size_32_road275_2.png,stop
size_32_road275_3.png,crosswalk
size_32_road276.png,speedlimit
size_32_road277.png,speedlimit
size_32_road278_1.png,stop
size_32_road278_2.png,trafficlight
size_32_road278_3.png,crosswalk
size_32_road278_4.png,crosswalk
size_32_road279.png,speedlimit
size_32_road280.png,speedlimit
size_32_road281_1.png,speedlimit
size_32_road281_2.png,crosswalk
size_32_road282_1.png,speedlimit
size_32_road282_2.png,crosswalk
size_32_road282_3.png,crosswalk
size_32_road283.png,speedlimit
size_32_road284.png,speedlimit
size_32_road285_1.png,speedlimit
size_32_road285_2.png,speedlimit
size_32_road285_3.png,trafficlight
size_32_road286.png,speedlimit
size_32_road287_1.png,speedlimit
size_32_road287_2.png,speedlimit
size_32_road287_3.png,trafficlight
size_32_road288.png,speedlimit
size_32_road289_1.png,stop
size_32_road289_2.png,trafficlight
size_32_road290.png,speedlimit
size_32_road291.png,speedlimit
size_32_road292_1.png,speedlimit
size_32_road292_2.png,trafficlight
size_32_road292_3.png,speedlimit
size_32_road293.png,speedlimit
size_32_road294.png,speedlimit
size_32_road295.png,speedlimit
size_32_road296.png,speedlimit
size_32_road297.png,speedlimit
size_32_road298.png,speedlimit
size_32_road299.png,speedlimit
size_32_road300_1.png,crosswalk
size_32_road300_2.png,trafficlight
size_32_road301.png,speedlimit
size_32_road302_1.png,stop
size_32_road302_2.png,speedlimit
size_32_road303.png,stop
size_32_road304.png,speedlimit
size_32_road305.png,speedlimit
size_32_road306.png,stop
size_32_road307_1.png,crosswalk
size_32_road307_2.png,trafficlight
size_32_road308.png,speedlimit
size_32_road309_1.png,speedlimit
size_32_road309_2.png,crosswalk
size_32_road310.png,speedlimit
size_32_road311_1.png,speedlimit
size_32_road311_2.png,crosswalk
size_32_road312.png,speedlimit
size_32_road313.png,speedlimit
size_32_road314_1.png,speedlimit
size_32_road314_2.png,speedlimit
size_32_road314_3.png,crosswalk
size_32_road315_1.png,crosswalk
size_32_road315_2.png,speedlimit
size_32_road316_1.png,speedlimit
size_32_road316_2.png,speedlimit
size_32_road316_3.png,crosswalk
size_32_road317_1.png,speedlimit
size_32_road317_2.png,stop
size_32_road318_1.png,crosswalk
size_32_road318_2.png,speedlimit
size_32_road319_1.png,speedlimit
size_32_road319_2.png,trafficlight
size_32_road319_3.png,crosswalk
size_32_road320.png,speedlimit
size_32_road321_1.png,speedlimit
size_32_road321_2.png,crosswalk
size_32_road321_3.png,speedlimit
size_32_road322.png,speedlimit
size_32_road323_1.png,speedlimit
size_32_road323_2.png,stop
size_32_road324.png,crosswalk
size_32_road325_1.png,speedlimit
size_32_road325_2.png,trafficlight
size_32_road326.png,speedlimit
size_32_road327_1.png,speedlimit
size_32_road327_2.png,trafficlight
size_32_road328.png,speedlimit
size_32_road329.png,speedlimit
size_32_road330.png,speedlimit
size_32_road331_1.png,speedlimit
size_32_road331_2.png,crosswalk
size_32_road332.png,speedlimit
size_32_road333.png,speedlimit
size_32_road334.png,speedlimit
size_32_road335.png,speedlimit
size_32_road336.png,speedlimit
size_32_road337.png,speedlimit
size_32_road338.png,speedlimit
size_32_road339.png,stop
size_32_road340.png,speedlimit
size_32_road341_1.png,speedlimit
size_32_road341_2.png,crosswalk
size_32_road342.png,speedlimit
size_32_road343.png,speedlimit
size_32_road344.png,speedlimit
size_32_road345.png,speedlimit
size_32_road346.png,speedlimit
size_32_road347_1.png,speedlimit
size_32_road347_2.png,crosswalk
size_32_road348.png,speedlimit
size_32_road349.png,speedlimit
size_32_road350.png,speedlimit
size_32_road351.png,speedlimit
size_32_road352.png,speedlimit
size_32_road353.png,speedlimit
size_32_road354.png,stop
size_32_road355.png,speedlimit
size_32_road356.png,stop
size_32_road357.png,speedlimit
size_32_road358_1.png,speedlimit
size_32_road358_2.png,crosswalk
size_32_road359.png,speedlimit
size_32_road360.png,speedlimit
size_32_road361_1.png,speedlimit
size_32_road361_2.png,crosswalk
size_32_road362.png,speedlimit
size_32_road363.png,speedlimit
size_32_road364.png,speedlimit
size_32_road365.png,speedlimit
size_32_road366.png,speedlimit
size_32_road367_1.png,speedlimit
size_32_road367_2.png,crosswalk
size_32_road368.png,speedlimit
size_32_road369.png,speedlimit
size_32_road370.png,speedlimit
size_32_road371.png,speedlimit
size_32_road372.png,speedlimit
size_32_road373.png,speedlimit
size_32_road374.png,stop
size_32_road375.png,speedlimit
size_32_road376.png,speedlimit
size_32_road377.png,speedlimit
size_32_road378.png,speedlimit
size_32_road379.png,speedlimit
size_32_road380.png,speedlimit
size_32_road381.png,speedlimit
size_32_road382.png,speedlimit
size_32_road383.png,speedlimit
size_32_road384.png,speedlimit
size_32_road385.png,speedlimit
size_32_road386.png,speedlimit
size_32_road387.png,speedlimit
size_32_road388.png,speedlimit
size_32_road389.png,speedlimit
size_32_road390.png,speedlimit
size_32_road391.png,speedlimit
size_32_road392.png,speedlimit
size_32_road393.png,speedlimit
size_32_road394.png,speedlimit
size_32_road395.png,speedlimit
size_32_road396.png,speedlimit
size_32_road397.png,speedlimit
size_32_road398.png,speedlimit
size_32_road399.png,speedlimit
size_32_road400.png,speedlimit
size_32_road401.png,speedlimit
size_32_road402.png,speedlimit
size_32_road403.png,speedlimit
size_32_road404.png,speedlimit
size_32_road405.png,speedlimit
size_32_road406.png,speedlimit
size_32_road407.png,speedlimit
size_32_road408.png,speedlimit
size_32_road409.png,speedlimit
size_32_road410.png,speedlimit
size_32_road411.png,speedlimit
size_32_road412.png,speedlimit
size_32_road413.png,speedlimit
size_32_road414.png,speedlimit
size_32_road415.png,speedlimit
size_32_road416.png,speedlimit
size_32_road417.png,speedlimit
size_32_road418.png,speedlimit
size_32_road419.png,speedlimit
size_32_road420.png,speedlimit
size_32_road421.png,speedlimit
size_32_road422.png,speedlimit
size_32_road423.png,speedlimit
size_32_road424.png,speedlimit
size_32_road425.png,speedlimit
size_32_road426.png,speedlimit
size_32_road427.png,speedlimit
size_32_road428.png,speedlimit
size_32_road429.png,speedlimit
size_32_road430.png,speedlimit
size_32_road431.png,speedlimit
size_32_road432.png,speedlimit
size_32_road433.png,speedlimit
size_32_road434.png,speedlimit
size_32_road435.png,speedlimit
size_32_road436.png,speedlimit
size_32_road437.png,speedlimit
size_32_road438.png,speedlimit
size_32_road439.png,speedlimit
size_32_road440.png,speedlimit
size_32_road441.png,speedlimit
size_32_road442.png,speedlimit
size_32_road443.png,speedlimit
size_32_road444.png,speedlimit
size_32_road445.png,speedlimit
size_32_road446.png,speedlimit
size_32_road447.png,speedlimit
size_32_road448.png,speedlimit
size_32_road449.png,speedlimit
size_32_road450.png,speedlimit
size_32_road451.png,speedlimit
size_32_road452.png,speedlimit
size_32_road453.png,speedlimit
size_32_road454.png,speedlimit
size_32_road455.png,speedlimit
size_32_road456.png,speedlimit
size_32_road457.png,speedlimit
size_32_road458.png,speedlimit
size_32_road459_1.png,speedlimit
size_32_road459_2.png,crosswalk
size_32_road459_3.png,trafficlight
size_32_road460_1.png,crosswalk
size_32_road460_2.png,trafficlight
size_32_road460_3.png,speedlimit
size_32_road461_1.png,speedlimit
size_32_road461_2.png,crosswalk
size_32_road461_3.png,trafficlight
size_32_road462_1.png,crosswalk
size_32_road462_2.png,trafficlight
size_32_road462_3.png,speedlimit
size_32_road463_1.png,speedlimit
size_32_road463_2.png,crosswalk
size_32_road463_3.png,trafficlight
size_32_road464_1.png,crosswalk
size_32_road464_2.png,speedlimit
size_32_road464_3.png,trafficlight
size_32_road465_1.png,crosswalk
size_32_road465_2.png,trafficlight
size_32_road465_3.png,speedlimit
size_32_road466_1.png,speedlimit
size_32_road466_2.png,crosswalk
size_32_road466_3.png,trafficlight
size_32_road467.png,speedlimit
size_32_road468.png,speedlimit
size_32_road469.png,speedlimit
size_32_road470.png,speedlimit
size_32_road471.png,speedlimit
size_32_road472.png,speedlimit
size_32_road473.png,speedlimit
size_32_road474.png,speedlimit
size_32_road475.png,speedlimit
size_32_road476.png,speedlimit
size_32_road477.png,speedlimit
size_32_road478.png,speedlimit
size_32_road479.png,speedlimit
size_32_road480.png,speedlimit
size_32_road481_1.png,speedlimit
size_32_road481_2.png,crosswalk
size_32_road481_3.png,trafficlight
size_32_road482_1.png,speedlimit
size_32_road482_2.png,crosswalk
size_32_road483.png,speedlimit
size_32_road484.png,speedlimit
size_32_road485.png,speedlimit
size_32_road486.png,speedlimit
size_32_road487.png,speedlimit
size_32_road488.png,speedlimit
size_32_road489.png,speedlimit
size_32_road490.png,speedlimit
size_32_road491.png,speedlimit
size_32_road492.png,speedlimit
size_32_road493.png,speedlimit
size_32_road494.png,speedlimit
size_32_road495_1.png,crosswalk
size_32_road495_2.png,trafficlight
size_32_road496.png,speedlimit
size_32_road497.png,speedlimit
size_32_road498.png,speedlimit
size_32_road499.png,speedlimit
size_32_road500.png,speedlimit
size_32_road501.png,speedlimit
size_32_road502.png,speedlimit
size_32_road503.png,speedlimit
size_32_road504.png,speedlimit
size_32_road505.png,speedlimit
size_32_road506.png,speedlimit
size_32_road507.png,speedlimit
size_32_road508.png,speedlimit
size_32_road509.png,speedlimit
size_32_road510.png,speedlimit
size_32_road511.png,speedlimit
size_32_road512.png,speedlimit
size_32_road513.png,speedlimit
size_32_road514.png,speedlimit
size_32_road515.png,speedlimit
size_32_road516.png,speedlimit
size_32_road517.png,speedlimit
size_32_road518.png,speedlimit
size_32_road519.png,speedlimit
size_32_road520.png,speedlimit
size_32_road521.png,speedlimit
size_32_road522.png,speedlimit
size_32_road523.png,speedlimit
size_32_road524.png,speedlimit
size_32_road525.png,speedlimit
size_32_road526.png,speedlimit
size_32_road527.png,speedlimit
size_32_road528_1.png,speedlimit
size_32_road528_2.png,crosswalk
size_32_road529.png,speedlimit
size_32_road530_1.png,speedlimit
size_32_road530_2.png,crosswalk
size_32_road531_1.png,speedlimit
size_32_road531_2.png,crosswalk
size_32_road531_3.png,crosswalk
size_32_road531_4.png,crosswalk
size_32_road531_5.png,crosswalk
size_32_road532_1.png,crosswalk
size_32_road532_2.png,crosswalk
size_32_road532_3.png,crosswalk
size_32_road532_4.png,speedlimit
size_32_road533_1.png,speedlimit
size_32_road533_2.png,crosswalk
size_32_road533_3.png,crosswalk
size_32_road533_4.png,crosswalk
size_32_road534_1.png,crosswalk
size_32_road534_2.png,crosswalk
size_32_road534_3.png,speedlimit
size_32_road535.png,speedlimit
size_32_road536_1.png,speedlimit
size_32_road536_2.png,crosswalk
size_32_road537.png,speedlimit
size_32_road538.png,speedlimit
size_32_road539.png,speedlimit
size_32_road540.png,speedlimit
size_32_road541.png,speedlimit
size_32_road542_1.png,speedlimit
size_32_road542_2.png,crosswalk
size_32_road543_1.png,speedlimit
size_32_road543_2.png,crosswalk
size_32_road544_1.png,crosswalk
size_32_road544_2.png,crosswalk
size_32_road544_3.png,speedlimit
size_32_road545_1.png,speedlimit
size_32_road545_2.png,crosswalk
size_32_road545_3.png,crosswalk
size_32_road546_1.png,crosswalk
size_32_road546_2.png,crosswalk
size_32_road546_3.png,speedlimit
size_32_road547_1.png,speedlimit
size_32_road547_2.png,crosswalk
size_32_road547_3.png,crosswalk
size_32_road548_1.png,crosswalk
size_32_road548_2.png,speedlimit
size_32_road549_1.png,speedlimit
size_32_road549_2.png,crosswalk
size_32_road550.png,speedlimit
size_32_road551.png,speedlimit
size_32_road552.png,speedlimit
size_32_road553.png,speedlimit
size_32_road554_1.png,speedlimit
size_32_road554_2.png,crosswalk
size_32_road555.png,speedlimit
size_32_road556.png,speedlimit
size_32_road557.png,speedlimit
size_32_road558.png,speedlimit
size_32_road559_1.png,speedlimit
size_32_road559_2.png,crosswalk
size_32_road560_1.png,crosswalk
size_32_road560_2.png,speedlimit
size_32_road561_1.png,speedlimit
size_32_road561_2.png,crosswalk
size_32_road562_1.png,crosswalk
size_32_road562_2.png,speedlimit
size_32_road563_1.png,speedlimit
size_32_road563_2.png,crosswalk
size_32_road564_1.png,crosswalk
size_32_road564_2.png,speedlimit
size_32_road565.png,speedlimit
size_32_road566.png,speedlimit
size_32_road567.png,speedlimit
size_32_road568.png,speedlimit
size_32_road569.png,speedlimit
size_32_road570.png,speedlimit
size_32_road571.png,speedlimit
size_32_road572_1.png,speedlimit
size_32_road572_2.png,crosswalk
size_32_road573_1.png,crosswalk
size_32_road573_2.png,speedlimit
size_32_road574_1.png,speedlimit
size_32_road574_2.png,crosswalk
size_32_road575_1.png,speedlimit
size_32_road575_2.png,crosswalk
size_32_road576_1.png,crosswalk
size_32_road576_2.png,speedlimit
size_32_road577_1.png,speedlimit
size_32_road577_2.png,crosswalk
size_32_road578_1.png,crosswalk
size_32_road578_2.png,speedlimit
size_32_road579.png,crosswalk
size_32_road580_1.png,crosswalk
size_32_road580_2.png,crosswalk
size_32_road580_3.png,crosswalk
size_32_road581.png,crosswalk
size_32_road582_1.png,trafficlight
size_32_road582_2.png,trafficlight
size_32_road582_3.png,crosswalk
size_32_road583_1.png,crosswalk
size_32_road583_2.png,trafficlight
size_32_road583_3.png,trafficlight
size_32_road584.png,speedlimit
size_32_road585.png,speedlimit
size_32_road586.png,speedlimit
size_32_road587.png,speedlimit
size_32_road588.png,speedlimit
size_32_road589.png,speedlimit
size_32_road590.png,speedlimit
size_32_road591.png,speedlimit
size_32_road592.png,speedlimit
size_32_road593.png,speedlimit
size_32_road594.png,speedlimit
size_32_road595.png,speedlimit
size_32_road596_1.png,speedlimit
size_32_road596_2.png,crosswalk
size_32_road597_1.png,speedlimit
size_32_road597_2.png,crosswalk
size_32_road598_1.png,crosswalk
size_32_road598_2.png,speedlimit
size_32_road599.png,speedlimit
size_32_road600.png,speedlimit
size_32_road601.png,speedlimit
size_32_road602.png,speedlimit
size_32_road603.png,speedlimit
size_32_road604.png,speedlimit
size_32_road605.png,speedlimit
size_32_road606.png,speedlimit
size_32_road607.png,speedlimit
size_32_road608_1.png,speedlimit
size_32_road608_2.png,crosswalk
size_32_road609_1.png,speedlimit
size_32_road609_2.png,crosswalk
size_32_road610.png,speedlimit
size_32_road611.png,speedlimit
size_32_road612.png,speedlimit
size_32_road613.png,speedlimit
size_32_road614.png,speedlimit
size_32_road615_1.png,speedlimit
size_32_road615_2.png,crosswalk
size_32_road616_1.png,speedlimit
size_32_road616_2.png,crosswalk
size_32_road617_1.png,speedlimit
size_32_road617_2.png,crosswalk
size_32_road618.png,speedlimit
size_32_road619.png,speedlimit
size_32_road620.png,speedlimit
size_32_road621.png,speedlimit
size_32_road622.png,speedlimit
size_32_road623.png,speedlimit
size_32_road624.png,speedlimit
size_32_road625.png,speedlimit
size_32_road626.png,speedlimit
size_32_road627.png,speedlimit
size_32_road628.png,speedlimit
size_32_road629.png,speedlimit
size_32_road630.png,stop
size_32_road631.png,stop
size_32_road632.png,stop
size_32_road633.png,stop
size_32_road634.png,stop
size_32_road635.png,stop
size_32_road636.png,stop
size_32_road637.png,stop
size_32_road638_1.png,speedlimit
size_32_road638_2.png,speedlimit
size_32_road639_1.png,speedlimit
size_32_road639_2.png,speedlimit
size_32_road640_1.png,speedlimit
size_32_road640_2.png,speedlimit
size_32_road641.png,speedlimit
size_32_road642.png,speedlimit
size_32_road643.png,speedlimit
size_32_road644.png,speedlimit
size_32_road645.png,speedlimit
size_32_road646.png,speedlimit
size_32_road647_1.png,speedlimit
size_32_road647_2.png,crosswalk
size_32_road648.png,speedlimit
size_32_road649.png,speedlimit
size_32_road650.png,speedlimit
size_32_road651.png,speedlimit
size_32_road652_1.png,speedlimit
size_32_road652_2.png,speedlimit
size_32_road652_3.png,crosswalk
size_32_road653_1.png,speedlimit
size_32_road653_2.png,speedlimit
size_32_road653_3.png,crosswalk
size_32_road654_1.png,speedlimit
size_32_road654_2.png,speedlimit
size_32_road654_3.png,crosswalk
size_32_road655_1.png,speedlimit
size_32_road655_2.png,speedlimit
size_32_road655_3.png,crosswalk
size_32_road656_1.png,crosswalk
size_32_road656_2.png,speedlimit
size_32_road656_3.png,speedlimit
size_32_road657_1.png,speedlimit
size_32_road657_2.png,speedlimit
size_32_road657_3.png,crosswalk
size_32_road658_1.png,crosswalk
size_32_road658_2.png,speedlimit
size_32_road658_3.png,speedlimit
size_32_road659_1.png,speedlimit
size_32_road659_2.png,crosswalk
size_32_road660.png,speedlimit
size_32_road661.png,speedlimit
size_32_road662.png,speedlimit
size_32_road663.png,speedlimit
size_32_road664.png,speedlimit
size_32_road665.png,speedlimit
size_32_road666.png,speedlimit
size_32_road667.png,speedlimit
size_32_road668_1.png,speedlimit
size_32_road668_2.png,crosswalk
size_32_road669_1.png,crosswalk
size_32_road669_2.png,speedlimit
size_32_road670.png,speedlimit
size_32_road671_1.png,speedlimit
size_32_road671_2.png,stop
size_32_road672.png,speedlimit
size_32_road673.png,stop
size_32_road674_1.png,stop
size_32_road674_2.png,speedlimit
size_32_road675_1.png,speedlimit
size_32_road675_2.png,stop
size_32_road676.png,stop
size_32_road677.png,speedlimit
size_32_road678.png,speedlimit
size_32_road679.png,speedlimit
size_32_road680.png,speedlimit
size_32_road681_1.png,speedlimit
size_32_road681_2.png,crosswalk
size_32_road682.png,speedlimit
size_32_road683.png,speedlimit
size_32_road684.png,speedlimit
size_32_road685.png,speedlimit
size_32_road686.png,speedlimit
size_32_road687_1.png,speedlimit
size_32_road687_2.png,speedlimit
size_32_road688_1.png,speedlimit
size_32_road688_2.png,speedlimit
size_32_road689_1.png,speedlimit
size_32_road689_2.png,speedlimit
size_32_road690_1.png,speedlimit
size_32_road690_2.png,speedlimit
size_32_road691_1.png,speedlimit
size_32_road691_2.png,speedlimit
size_32_road692_1.png,speedlimit
size_32_road692_2.png,speedlimit
size_32_road693_1.png,speedlimit
size_32_road693_2.png,speedlimit
size_32_road694_1.png,speedlimit
size_32_road694_2.png,speedlimit
size_32_road695_1.png,speedlimit
size_32_road695_2.png,speedlimit
size_32_road696_1.png,speedlimit
size_32_road696_2.png,speedlimit
size_32_road697_1.png,speedlimit
size_32_road697_2.png,speedlimit
size_32_road698_1.png,speedlimit
size_32_road698_2.png,speedlimit
size_32_road699_1.png,speedlimit
size_32_road699_2.png,speedlimit
size_32_road700_1.png,speedlimit
size_32_road700_2.png,speedlimit
size_32_road701_1.png,speedlimit
size_32_road701_2.png,speedlimit
size_32_road702_1.png,speedlimit
size_32_road702_2.png,speedlimit
size_32_road703_1.png,speedlimit
size_32_road703_2.png,speedlimit
size_32_road704_1.png,speedlimit
size_32_road704_2.png,speedlimit
size_32_road705_1.png,speedlimit
size_32_road705_2.png,speedlimit
size_32_road706_1.png,speedlimit
size_32_road706_2.png,speedlimit
size_32_road707_1.png,speedlimit
size_32_road707_2.png,speedlimit
size_32_road708_1.png,speedlimit
size_32_road708_2.png,speedlimit
size_32_road709_1.png,speedlimit
size_32_road709_2.png,speedlimit
size_32_road710_1.png,speedlimit
size_32_road710_2.png,speedlimit
size_32_road711_1.png,speedlimit
size_32_road711_2.png,speedlimit
size_32_road712_1.png,speedlimit
size_32_road712_2.png,speedlimit
size_32_road713_1.png,speedlimit
size_32_road713_2.png,speedlimit
size_32_road714_1.png,speedlimit
size_32_road714_2.png,speedlimit
size_32_road715_1.png,speedlimit
size_32_road715_2.png,speedlimit
size_32_road716_1.png,speedlimit
size_32_road716_2.png,speedlimit
size_32_road717_1.png,speedlimit
size_32_road717_2.png,speedlimit
size_32_road718_1.png,speedlimit
size_32_road718_2.png,speedlimit
size_32_road719.png,speedlimit
size_32_road720.png,speedlimit
size_32_road721.png,speedlimit
size_32_road722.png,speedlimit
size_32_road723.png,speedlimit
size_32_road724.png,speedlimit
size_32_road725.png,speedlimit
size_32_road726.png,speedlimit
size_32_road727_1.png,speedlimit
size_32_road727_2.png,speedlimit
size_32_road728_1.png,speedlimit
size_32_road728_2.png,speedlimit
size_32_road729_1.png,speedlimit
size_32_road729_2.png,speedlimit
size_32_road730_1.png,speedlimit
size_32_road730_2.png,speedlimit
size_32_road731_1.png,speedlimit
size_32_road731_2.png,speedlimit
size_32_road732_1.png,speedlimit
size_32_road732_2.png,speedlimit
size_32_road733_1.png,speedlimit
size_32_road733_2.png,speedlimit
size_32_road734_1.png,speedlimit
size_32_road734_2.png,speedlimit
size_32_road735_1.png,speedlimit
size_32_road735_2.png,speedlimit
size_32_road736_1.png,speedlimit
size_32_road736_2.png,speedlimit
size_32_road737_1.png,speedlimit
size_32_road737_2.png,speedlimit
size_32_road738_1.png,speedlimit
size_32_road738_2.png,speedlimit
size_32_road739_1.png,speedlimit
size_32_road739_2.png,speedlimit
size_32_road740_1.png,speedlimit
size_32_road740_2.png,speedlimit
size_32_road741_1.png,speedlimit
size_32_road741_2.png,speedlimit
size_32_road742_1.png,speedlimit
size_32_road742_2.png,speedlimit
size_32_road743_1.png,speedlimit
size_32_road743_2.png,speedlimit
size_32_road744_1.png,speedlimit
size_32_road744_2.png,speedlimit
size_32_road745_1.png,speedlimit
size_32_road745_2.png,speedlimit
size_32_road746_1.png,speedlimit
size_32_road746_2.png,speedlimit
size_32_road747_1.png,speedlimit
size_32_road747_2.png,speedlimit
size_32_road748_1.png,speedlimit
size_32_road748_2.png,speedlimit
size_32_road749_1.png,speedlimit
size_32_road749_2.png,speedlimit
size_32_road750_1.png,speedlimit
size_32_road750_2.png,speedlimit
size_32_road751_1.png,speedlimit
size_32_road751_2.png,speedlimit
size_32_road752_1.png,speedlimit
size_32_road752_2.png,speedlimit
size_32_road753_1.png,speedlimit
size_32_road753_2.png,speedlimit
size_32_road754_1.png,speedlimit
size_32_road754_2.png,speedlimit
size_32_road755.png,speedlimit
size_32_road756.png,speedlimit
size_32_road757.png,speedlimit
size_32_road758.png,speedlimit
size_32_road759.png,speedlimit
size_32_road760.png,speedlimit
size_32_road761.png,speedlimit
size_32_road762.png,speedlimit
size_32_road763.png,speedlimit
size_32_road764.png,speedlimit
size_32_road765.png,speedlimit
size_32_road766.png,speedlimit
size_32_road767.png,speedlimit
size_32_road768.png,speedlimit
size_32_road769.png,speedlimit
size_32_road770.png,speedlimit
size_32_road771.png,speedlimit
size_32_road772.png,speedlimit
size_32_road773.png,speedlimit
size_32_road774.png,speedlimit
size_32_road775.png,speedlimit
size_32_road776.png,speedlimit
size_32_road777.png,speedlimit
size_32_road778.png,speedlimit
size_32_road779.png,speedlimit
size_32_road780_1.png,speedlimit
size_32_road780_2.png,crosswalk
size_32_road781_1.png,speedlimit
size_32_road781_2.png,crosswalk
size_32_road782_1.png,crosswalk
size_32_road782_2.png,speedlimit
size_32_road783.png,speedlimit
size_32_road784_1.png,speedlimit
size_32_road784_2.png,crosswalk
size_32_road785_1.png,speedlimit
size_32_road785_2.png,crosswalk
size_32_road786.png,speedlimit
size_32_road787.png,speedlimit
size_32_road788.png,speedlimit
size_32_road789.png,speedlimit
size_32_road790_1.png,speedlimit
size_32_road790_2.png,speedlimit
size_32_road791_1.png,speedlimit
size_32_road791_2.png,speedlimit
size_32_road792_1.png,speedlimit
size_32_road792_2.png,speedlimit
size_32_road793_1.png,speedlimit
size_32_road793_2.png,speedlimit
size_32_road794_1.png,speedlimit
size_32_road794_2.png,speedlimit
size_32_road795.png,speedlimit
size_32_road796.png,speedlimit
size_32_road797.png,speedlimit
size_32_road798.png,speedlimit
size_32_road799.png,speedlimit
size_32_road800.png,speedlimit
size_32_road801.png,speedlimit
size_32_road802.png,speedlimit
size_32_road803.png,speedlimit
size_32_road804.png,speedlimit
size_32_road805.png,speedlimit
size_32_road806.png,speedlimit
size_32_road807.png,speedlimit
size_32_road808.png,speedlimit
size_32_road809.png,speedlimit
size_32_road810.png,speedlimit
size_32_road811.png,speedlimit
size_32_road812.png,speedlimit
size_32_road813.png,speedlimit
size_32_road814.png,speedlimit
size_32_road815.png,speedlimit
size_32_road816.png,speedlimit
size_32_road817.png,speedlimit
size_32_road818.png,speedlimit
size_32_road819_1.png,stop
size_32_road819_2.png,trafficlight
size_32_road819_3.png,trafficlight
size_32_road819_4.png,trafficlight
size_32_road819_5.png,trafficlight
size_32_road819_6.png,trafficlight
size_32_road820_1.png,trafficlight
size_32_road820_2.png,trafficlight
size_32_road820_3.png,trafficlight
size_32_road820_4.png,stop
size_32_road820_5.png,trafficlight
size_32_road820_6.png,trafficlight
size_32_road820_7.png,crosswalk
size_32_road820_8.png,crosswalk
size_32_road821_1.png,stop
size_32_road821_2.png,crosswalk
size_32_road821_3.png,trafficlight
size_32_road821_4.png,trafficlight
size_32_road821_5.png,trafficlight
size_32_road821_6.png,trafficlight
size_32_road821_7.png,trafficlight
size_32_road821_8.png,crosswalk
size_32_road822_1.png,trafficlight
size_32_road822_2.png,trafficlight
size_32_road822_3.png,trafficlight
size_32_road822_4.png,crosswalk
size_32_road822_5.png,stop
size_32_road822_6.png,crosswalk
size_32_road823_1.png,stop
size_32_road823_2.png,crosswalk
size_32_road823_3.png,trafficlight
size_32_road823_4.png,trafficlight
size_32_road824_1.png,stop
size_32_road824_2.png,crosswalk
size_32_road824_3.png,trafficlight
size_32_road824_4.png,trafficlight
size_32_road825_1.png,trafficlight
size_32_road825_2.png,trafficlight
size_32_road825_3.png,trafficlight
size_32_road825_4.png,stop
size_32_road825_5.png,crosswalk
size_32_road825_6.png,crosswalk
size_32_road826_1.png,crosswalk
size_32_road826_2.png,trafficlight
size_32_road826_3.png,trafficlight
size_32_road826_4.png,trafficlight
size_32_road826_5.png,trafficlight
size_32_road826_6.png,trafficlight
size_32_road826_7.png,crosswalk
size_32_road826_8.png,crosswalk
size_32_road827.png,speedlimit
size_32_road828.png,speedlimit
size_32_road829.png,speedlimit
size_32_road830.png,speedlimit
size_32_road831.png,speedlimit
size_32_road832.png,speedlimit
size_32_road833.png,speedlimit
size_32_road834.png,speedlimit
size_32_road835.png,speedlimit
size_32_road836.png,speedlimit
size_32_road837.png,speedlimit
size_32_road838_1.png,speedlimit
size_32_road838_2.png,crosswalk
size_32_road839_1.png,speedlimit
size_32_road839_2.png,crosswalk
size_32_road840_1.png,speedlimit
size_32_road840_2.png,crosswalk
size_32_road841_1.png,speedlimit
size_32_road841_2.png,crosswalk
size_32_road842_1.png,speedlimit
size_32_road842_2.png,crosswalk
size_32_road843_1.png,speedlimit
size_32_road843_2.png,crosswalk
size_32_road844.png,speedlimit
size_32_road845_1.png,speedlimit
size_32_road845_2.png,crosswalk
size_32_road845_3.png,trafficlight
size_32_road846_1.png,trafficlight
size_32_road846_2.png,crosswalk
size_32_road846_3.png,speedlimit
size_32_road847_1.png,speedlimit
size_32_road847_2.png,trafficlight
size_32_road848.png,speedlimit
size_32_road849.png,speedlimit
size_32_road850.png,speedlimit
size_32_road851.png,speedlimit
size_32_road852.png,speedlimit
size_32_road853.png,speedlimit
size_32_road854.png,speedlimit
size_32_road855.png,speedlimit
size_32_road856.png,speedlimit
size_32_road857.png,speedlimit
size_32_road858.png,speedlimit
size_32_road859.png,speedlimit
size_32_road860.png,speedlimit
size_32_road861.png,speedlimit
size_32_road862.png,speedlimit
size_32_road863_1.png,speedlimit
size_32_road863_2.png,crosswalk
size_32_road864_1.png,crosswalk
size_32_road864_2.png,speedlimit
size_32_road865_1.png,speedlimit
size_32_road865_2.png,crosswalk
size_32_road866.png,speedlimit
size_32_road867.png,speedlimit
size_32_road868.png,speedlimit
size_32_road869.png,speedlimit
size_32_road870.png,speedlimit
size_32_road871.png,speedlimit
size_32_road872_1.png,speedlimit
size_32_road872_2.png,stop
size_32_road873_1.png,speedlimit
size_32_road873_2.png,speedlimit
size_32_road873_3.png,stop
size_32_road874_1.png,speedlimit
size_32_road874_2.png,speedlimit
size_32_road874_3.png,stop
size_32_road875_1.png,speedlimit
size_32_road875_2.png,speedlimit
size_32_road875_3.png,stop
size_32_road876.png,stop
